ID,Name,Website,Description,Specialization,Country,Source,Status,Score
3098c3d9-ae3f-47fe-b9c2-8ca79bcf736d,General Casino Affiliate Area,https://www.affiliateguarddog.com/community/threads/best-crypto-casino-affiliate-programs.21503/,Hello I have recently expanded to crypto casinos and I have bought banner space at quite reputable crypto news sites. It wasnt cheap but unfortunately the...,Gaming,N/A,DuckDuckGo,Active,0.1
1897baa0-2528-4fc9-bef0-9c4a91aa42cc,Casino Affiliate Programs: Earn Passive Income,https://www.affnext.com/blog/casino-affiliate-programs,Discover the top casino affiliate programs and learn how to promote them for passive income in the thriving online gambling market.,Gaming,N/A,DuckDuckGo,Active,0.0
c414ece6-f131-4940-a2e7-8e2751f23f05,Online casino affiliate marketing - How it works? | iGaming news,https://igaming.createit.com/news/online-casino-affiliate-marketing-how-it-works-and-how-to-start/,"Learn how online casino affiliate marketing works and how to get started. Tips on choosing a niche, building trust, and growing a successful affiliate site.",Gaming,Outsourcing Web & Mobile Digital Marketing About us Careers Blog Our brands Media Center Casino game development company Slot game development company iGaming Casino Players retention strategy Player acquisition Online casino developers â€“ outsourcing on demand Casino api Build licenses ready online casinos Online casino security Sports betting solutions Affiliate Toolbox WinWordsAI PageZen PlayPatrol Knowledge Base Podcast Events iGaming reports Personal data access Website terms Privacy Policy Tenders Diversity Policy Contact form I consent to storage of my data according to Privacy Policy* Î” Check Out Our Reviews on Google Â© 2025 ALL RIGHTS RESERVED. DESIGN & DEVELOPMENT BY createIT s.c. (iGaming by createIT) promotes responsible gambling. This website is exclusively designed for professionals operating in the B2B sector and for users who meet the legal age requirements for online gambling applicable in their region.,DuckDuckGo,Active,0.0
2599aa43-26fe-4af4-8e06-8cc2d0de8151,Bitsler Casino Affiliate Program â€“ Your Ultimate Guide to Earning Big | Algo Affiliates,https://algo-affiliates.com/bitsler-casino-affiliate-program-your-ultimate-guide-to-earning-big/,The Leading Performance Marketing Affiliate Network Publisher Sign Up Advertiser Sign Up,Gaming,Categories Affiliate Marketing MyEmpire Casino Affiliate Program: The Ultimate Guide for AffiliatesFair Play Online Casino Affiliate Program: A Complete Guide to Maximizing Earnings,DuckDuckGo,Active,0.0
7efd6f72-f199-47d6-b2d8-c21d18679fbf,10 Best Affiliate Programs for Gambling Niches in 2025,https://multilogin.com/blog/best-affiliate-programs-for-gambling-niches/,Looking for the best affiliate programs for gambling and betting niches in 2025? Discover top picks to boost your earnings in iGaming offers.,Gaming,"Referral program: Invite to Multilogin and get paid Referral program: Invite to Multilogin and get paid Start earning Platform Close Platform Open Platform Antidetect browser Create multiple online identities from the same computer without being detected. Headless browser Antidetect browser for scraping and web automation tasks with reduced system resource consumption. Multi-account management Manage multiple accounts on any website alone or in a team without being detected. All accounts on the same dashboard. Mobile antidetect browser Emulate mobile website visitors with unique identities from a desktop device. Residential proxies Highest quality rotating residential proxies suitable for most business cases. Natively integrated with an antidetect browser. Web automation Create complex automation scenarios in an antidetect browser. Automatically manipulate multiple online accounts. AI Quick Actions New Speed up your work in Multilogin by transforming text prompts into automated action sequences. Solutions Close Solutions Open Solutions Multi-account management Manage multiple accounts on any website alone or in a team without being detected. All accounts on the same dashboard. Ticket Scalping Be the first in line to buy tickets for popular events. Airdrop Farming Get higher token allocation to multiple wallets without sybil detection. Web scraping Bypass the toughest bot protections, mimic real user",DuckDuckGo,Active,0.0
9acf9341-bd7e-46b2-8108-f07b532dd38a,Royal Partners â€“ De ultieme gids voor een winstgevend iGaming-partnerprogramma | Algo Affiliates,https://algo-affiliates.com/nl/royal-partners-the-ultimate-guide-to-profitable-igaming-affiliate-program/,Het toonaangevende Performance Marketing Affiliate-netwerk Aanmelden voor uitgevers Aanmelden voor adverteerders,Gaming,CategorieÃ«n Affiliate Marketing Alles wat u moet weten over Banzai PartnersCasoo Casino Affiliate Programma: De ultieme gids om in 2025 veel geld te verdienen,DuckDuckGo,Active,0.0
334d1239-9358-4541-b1ba-0e7c97c0b9b5,N1 Partners at iGB Live London 2025,https://n1.partners/news-page/hop-on-the-wealth-bus-n1-partners-heading-to-igb-live-london-2025,"Meet N1 Partners at iGB Live 2025 in London. Explore affiliate offers, meet our team, and ride the Wealth Bus with us.",Gaming,"N1 partners - a team of respected professionals by nature who appreciates and relies on such principles as reliability, trust and safety in their work. The most experienced professionals will work with you. Their vast experience will help you achieve the desired results in a short time. We think much of our partners and offer them the best conditions.Â© 2025 N1 Partners. All rights reserved.HomeCommissionsBrandsTestimonialsNewsFAQBrandsN1 CasinoSlot HunterJoo CasinoN1 BetN1 Bet NigeriaInformationTerms and ConditionsPrivacy policyAbout usContactsContact Usaffiliates@n1.partners",DuckDuckGo,Active,0.0
a6f8adba-9a09-4ea7-9bfd-067cf0b10c85,Best Casino Affiliate Programs: Top 9 for March 2025 - 1xBet Affiliates,https://1xbetaffiliates.net/blog/best-casino-affiliate-programs-top-9-for-march-2025/,Home â€º Blog â€º Best Casino Affiliate Programs: Top 9 for March 2025Best Casino Affiliate Programs: Top 9 for March 2025Published: 04.04.2025,Gaming,"Terms and conditions Privacy Policy Agent Program Sign Up Log In Telegram Bot Contact Us: If you have any questions, please feel free to get in touch with us using this email address: [email protected] Copyright Â© 2007-2025 Â«Partners-1xBetÂ». All rights reserved. Partners-1xBet Partners-1xBet may use cookies to store your details and collect information to optimize the site and tailor our marketing to your permissions and to suit your interests. By continuing to use the site you consent to the use of cookies. Find out more cookies ok",DuckDuckGo,Active,0.0
850cdc8a-29d6-4bfc-92fc-9d6228fed4f1,N1 Partners - Affhub MediaAffhub Media,https://affhub.media/en/affiliates/n1-partners-2/,Media that brings together the best CPA industry specialists,Gaming,"[email protected] Â© 2019-2025 Affhub Media. With partnership and support 2019 - 2025 Affhub Media. All rights reserved. Use of site materials is possible only in compliance with the rules of republication. The site may contain content that is not intended for persons under 16 years of age. All materials on the site https://affhub.media/ are for informational purposes only. We do our best to ensure that all published information is as accurate and complete as possible. The administration of the affhub.media site does not bear any responsibility for any losses, including financial ones, due to misinterpretation of the submitted materials or due to the use of incomplete or incorrect information posted on this site.",DuckDuckGo,Active,0.0
dd01347d-c68a-44d9-839d-759c853f618c,"Comprehensive Guide to Online Casino Affiliate Programs in India: Legal Insights, Top Programs, and Effective Strategies | Algo Affiliates",https://algo-affiliates.com/comprehensive-guide-to-online-casino-affiliate-programs-in-india-legal-insights-top-programs-and-effective-strategies/,The Leading Performance Marketing Affiliate Network Publisher Sign Up Advertiser Sign Up,Gaming,Categories Affiliate Marketing Casino Affiliate Programs In UKAffiliate Marketing Without Social Media,DuckDuckGo,Active,0.0
716501de-fc4a-4e7a-8957-fddb8fa77ed3,Ultimate Guide to Online Casino Affiliate Programs in Sweden | Algo Affiliates,https://algo-affiliates.com/ultimate-guide-to-online-casino-affiliate-programs-in-sweden/,The Leading Performance Marketing Affiliate Network Publisher Sign Up Advertiser Sign Up,Gaming,Categories Affiliate Marketing Comprehensive Guide to Crypto Exchange Affiliate Programs in New Zealand 2024Casino Affiliate Programs in Wales: Your Guide to Earning Commissions in the Booming Online Gambling Market,DuckDuckGo,Active,0.0
f81e2c04-f73e-45a3-af01-b5e8bf41e2a4,ðŸŽ° The Ultimate Guide to Casino & Sweepstakes Casino Affiliate Programs in 2025 | Algo Affiliates,https://algo-affiliates.com/ultimate-guide-to-becoming-a-successful-sweepstakes-casino-affiliate-in-2025/,The Leading Performance Marketing Affiliate Network Publisher Sign Up Advertiser Sign Up,Gaming,Categories Affiliate Marketing Best Electronic Products Affiliate Programs to Boost Your Income in 2025Ace Revenue Affiliate Program: A Complete Guide for Affiliates,DuckDuckGo,Active,0.0
61777206-f745-4e3f-8147-3d95c00bc8e3,A Practical Guide to Casino Affiliate Marketing - Payline Data,https://paylinedata.com/blog/casino-affiliate-marketing,"Marketing casinos online is without a doubt one of the most profitable niches in the affiliate marketing realm. With the affiliates bringing in new players to the online casinos, they are able to earn significant commissions.",Gaming,N/A,DuckDuckGo,Active,0.0
538a2b4e-6bac-444c-96ff-56296219e1dc,Royal Partners â€“ Den ultimative guide til et profitabelt iGaming-affiliateprogram | Algo Affiliates,https://algo-affiliates.com/da/royal-partners-the-ultimate-guide-to-profitable-igaming-affiliate-program/,The Leading Performance Marketing Affiliate Network Publisher Tilmeld dig AnnoncÃ¸r Tilmeld dig,Gaming,Kategorier Affiliate Marketing Alt du behÃ¸ver at vide om Banzai PartnersCasoo Casino Affiliate Program: Den ultimative guide til at tjene stort i 2025,DuckDuckGo,Active,0.0
eafe1601-a6b9-4d77-93dd-7ae8a30814b6,Check out these [5+] Gambling Affiliate Programs in 2025,https://www.betting.co.uk/gambling-affliate/,lllâž¤ Best Gambling Affiliate Programs âž½ Comprehensive Reviews âœ… Always up to date âœ” Pro's & Cons Shown âœ” All you need to know âœ” Only here!,Gaming,N/A,DuckDuckGo,Active,0.0
b10bb8e5-8d2c-489b-8cb4-67a5e2836b44,25 Sports Betting Affiliate Programs in 2025 with High Commission,https://olavivo.com/sports-betting-affiliate-programs/,Discover the best sports betting affiliate programs in 2025. Earn high commissions with top brands and start monetizing today.,Gaming,Our Blogs Water Cooler Ace It DGTL Hub Our Blogs Water Cooler Ace It DGTL Hub Log In Facebook Twitter Instagram Linkedin Search Our Blogs Water Cooler Ace It DGTL Hub Our Blogs Water Cooler Ace It DGTL Hub Log In Facebook Twitter Instagram Linkedin Search,DuckDuckGo,Active,0.0
3acd4f10-6e91-4139-9f7c-b762500410ff,Sports Betting Affiliate Marketing: Strategies for Success in 2025 - 1xBet Affiliates,https://1xbetaffiliates.net/blog/sports-betting-affiliate-marketing-strategies-for-success-in-2025/,"Discover top betting affiliate marketing strategies in 2025: proven tactics, best programs, and how to grow in sports betting vertical.",Gaming,"Terms and conditions Privacy Policy Agent Program Sign Up Log In Telegram Bot Contact Us: If you have any questions, please feel free to get in touch with us using this email address: [email protected] Copyright Â© 2007-2025 Â«Partners-1xBetÂ». All rights reserved. Partners-1xBet Partners-1xBet may use cookies to store your details and collect information to optimize the site and tailor our marketing to your permissions and to suit your interests. By continuing to use the site you consent to the use of cookies. Find out more cookies ok",DuckDuckGo,Active,0.0
23597b8b-b21b-4f19-a4a6-08222d8480f1,What Is CPA in Casino Affiliate Programs? - Times Tabloid,https://timestabloid.com/what-is-cpa-in-casino-affiliate-programs/,"Everyone interested in the iGaming industry can diversify their revenue sources by joining result-yielding casino affiliate programs. The cost-per-acquisition (CPA) model facilitates earning commissions whenever a person performs a specific action, such as making a deposit. In this guide, we will explore the importance of CPA and demonstrate the benefits of becoming an affiliated partner of reliable providers like P4P Partners.",Gaming,N/A,DuckDuckGo,Active,0.0
3bedd705-cf08-437e-90f9-6d46905610da,The Future Of IGaming Affiliate Marketing: Trends And Predictions For 2025 - Scaleo Blog,https://www.scaleo.io/blog/the-future-of-igaming-affiliate-marketing-trends-and-predictions/,The future of iGaming affiliate marketing with our insights on trends and predictions that will shape the industry.,Gaming,Facebook Twitter LinkedIn About Us Pricing Integrations Referral Program Â© 2023 Scaleo. All rights reserved. Top,DuckDuckGo,Active,0.0
14162edf-e673-417c-bdc1-5ff88ed48509,Top Casino Affiliate Programs in 2024- Affroom,https://affroom.com/blog/best-affiliate-programs-for-casino/,Discover a comprehensive list of the best Casino affiliate programs for 2024. Maximize your earnings with top-rated programs suggesting competitive commissions and robust support for online Casino marketers.,Gaming,"Mediakit for advertisers Privacy Policy Terms of Use Terms of advertising @sales_affroom contact@affroom.com Â© 2025 AffRoom, All rights reserved Data is based on information available from different networks' interfaces. Data is based on information available from open sources. Spyrou Kyprianou 78, 3076, Limassol, Cyprus. Reg â„– HE447431",DuckDuckGo,Active,0.0
0df7e163-8b74-4846-8d8e-e72f9c6c5d4f,Betting Affiliate Programs (2025) - Business of Apps,https://www.businessofapps.com/affiliate/betting/,"Are you looking for the best betting affiliate programs? Find out how the programs work, why people use them, and see how to choose the best ones for you.",Gaming,Connecting the App Industry Marketplace | News & Insights | Data | Events Media Insights Video Interviews Podcasts Guides App Leaders Downloads News Marketplace App Marketing User Acquisition App Developers App Engagement App Analytics App Monetization Influencer Marketing Mobile Advertising Affiliate App Data Benchmarks Reports Sectors Stats Rankings Site Info About Us Advertise on Business of Apps Publish your Articles Submit News & Announcements Privacy Policy Contact Us Follow Us,DuckDuckGo,Active,0.0
61f92fae-112e-47d0-92c1-b919ec007ec9,"Casino Partnerprogramme â€“ Ãœberblick, Verdienst und welche legal sind",https://www.onlinecasinosdeutschland.com/blog/partnerprogramme/,"Leitfaden fÃ¼r Affiliates im iGaming-Bereich & Liste guter Partnerprogramme. Alles Ã¼ber Konditionen, VergÃ¼tungsmodelle und rechtliche Rahmenbedingungen.",Gaming,twitter feed Weitere Sprachen Deutsch Polski Italiano Russkiy EllinikÐ° TÃ¼rk Hrvatski Romana Araby English Espanol Bulgarski PortuguÐµs Ukrainska Impressum & Kontakt Ãœber uns Wie wir bewerten Karriere AGB Datenschutz Verantwortungsvolles Spielen https://www.buwei.de/ https://www.gluecksspiel-behoerde.de Sitemap Â© 2010-2025 www.onlinecasinosdeutschland.com | All Rights Reserved,DuckDuckGo,Active,0.0
d4b39b1f-ec0b-42c8-b48e-a1fe6ca8bdaa,Casino Affiliate Marketing: Ultimate Income Guide 2024 for High Earnings - BlogEarns,https://blogearns.com/2024/11/casino-affiliate-marketing.html,"Maximize your income in 2024 with our ultimate guide to casino affiliate marketing. Discover top strategies for targeting audiences, optimizing SEO, and leverag",Gaming,"About blogEarns.com Blogearns is intended to provide genuine knowledge regarding blogging. How to start a blog? How blog earns money. How to do SEO for your blog. Blogger SEO theme and WordPress free and premium theme. Get full tutorial on Blogger and WordPress. Blog strategies and tips for profit. Get ideas on profitable niche. Earning tips and tricks for perfect blogging. GearBest Affiliate Program Review â€“ A Detailed Guide December 28, 2023 GearBest Affiliate Program Review â€“ A Detailed Guide What are the best SEO plugins for WordPress? July 12, 2023 What are the best SEO plugins for WordPress? Lead Generation Tips for Deck Builders January 13, 2025 Lead Generation Tips for Deck Builders What is CTR â€“ Google AdSense August 30, 2021 What is CTR â€“ Google AdSense Unlocking the Power of Link Building for Better Web Rankings January 6, 2025 Unlocking the Power of Link Building for Better Web Rankings How a Rogue SEO Company Accidentally Boosted My Traffic by 1000% January 14, 2025 How a Rogue SEO Company Accidentally Boosted My Traffic by 1000% 4 Ways to Market Your Business Online April 4, 2023 4 Ways to Market Your Business Online Building Trust with Clients and Readers:",DuckDuckGo,Active,0.0
0299924b-f9f6-425d-96ea-afb529706f74,"Alexa Bond, Head of Affiliates at N1 Partners - GBC Time",https://gbc-time.org/interview/interview-n1-partners-alexa-bond-x-gbc-time/,"GBC Time has interviewed â€“ Alexa Bond, Head of Affiliates, N1 Partners, a multi-brand affiliate program that includes over ten high-converting online casinos and betting brands.",Gaming,"Featured Posts SOFTSWISS Invests in Largest European Social Casino â€“ Vortex Affiliate Network Review: Top Offers in the Market â€“ 6 BEST WAYS TO MAKE MONEY WITH CRYPTO IN 2024 â€“ Helpful Links About Us Contact Us _ Prointernet _ TOP POSTS Games Global and Stormcraft Studios fuse two iconic titles in Thunderstruck FlyX ETH Casino Review Comprehensive Guide to Betsson Affiliates Ultimate Guide to the Paripesa Affiliate Program Velobet Casino Review: A Fusion of Games, Rewards, and Seamless Gameplay",DuckDuckGo,Active,0.0
75d8b292-263c-4851-933e-e5e176229e09,Affiliate Marketing for Beginners: Casino Affiliate Success Guide,https://genesysone.com/affiliate-marketing-for-beginners-casino-affiliate-success-guide/,"Master affiliate marketing for beginners with our guide. Learn to thrive in casino affiliate programs, pick the right niche, and optimize for higher earnings.",Gaming,Affiliate LinksMarketing Reports Finances Account Support Quick LinksContact Us Genesys Casinos Casino Logos Casino Affiliate Program LinkedIn Facebook Instagram Terms & Conditions Privacy Policy Copyright Â© 2025 Genesys One. All rights reserve,DuckDuckGo,Active,0.0
a93bb31c-f21e-411c-b928-9bf56866efc0,How Sports Betting Affiliate Programs Are Evolving In 2025,https://thebiographywala.com/sports-betting-affiliate-programs-game-2025/,"Discover how sports betting affiliate programs in 2025 are transforming with AI, blockchain, and mobile strategies to maximize engagement and revenue.",Gaming,"The Biography Wala Â© Copyright 2025, All Rights Reserved About Us Contact Us Privacy Policy Terms And Conditions Disclaimer",DuckDuckGo,Active,0.0
bfee368f-f2ae-4faa-86b1-c8476133032c,Alfaleads Network x N1 Partners: 3x Growth and a Top 5 Spot in the N1 Puzzle Promo - GBC Time,https://gbc-time.org/affiliate-marketing/alfaleads-network-x-n1-partners-3x-growth-and-a-top-5-spot-in-the-n1-puzzle-promo/,"Alfaleads Network has been partnering with N1 Partners affiliate program for over 8 years â€” since 2018. During this time, both brands have grown hand in hand. With every new N1 brand",Gaming,"Featured Posts SOFTSWISS Invests in Largest European Social Casino â€“ Vortex Affiliate Network Review: Top Offers in the Market â€“ 6 BEST WAYS TO MAKE MONEY WITH CRYPTO IN 2024 â€“ Helpful Links About Us Contact Us _ Prointernet _ TOP POSTS Games Global and Stormcraft Studios fuse two iconic titles in Thunderstruck FlyX ETH Casino Review Comprehensive Guide to Betsson Affiliates Ultimate Guide to the Paripesa Affiliate Program Velobet Casino Review: A Fusion of Games, Rewards, and Seamless Gameplay",DuckDuckGo,Active,0.0
2928cc97-5661-4c53-a0d0-29404e69c317,Royal Partners - iGaming Reviews by TheGamblest,https://www.thegamblest.com/royal-partners-igaming-reviews-by-thegamblest/,"Introducing another edition of TheGamblestâ€™s review series, where we delve into a popular casino affiliate program, Royal Partners' background...",Gaming,"Share: TAGSRoyal Partners Yana Mardiyan Head of Content Yana is the Head of Content at TheGamblest, she entered the iGaming industry in 2023 producing high-level content for operators worldwide. Yana's goal is to create winning content for TheGamblest, which will be a ticket to capturing the attention of new audiences and continually strengthening a positive brand impression.",DuckDuckGo,Active,0.0
bdf5e960-3f7e-4b54-bd11-4ab659f02cd7,"Slot Lounge â€” up to â‚¬1,500 Bonus for New N1 Partners! - GBC Time",https://gbc-time.org/affiliate-marketing/slot-lounge-up-to-e1500-bonus-for-new-n1-partners/,"N1 Partners is kicking off a blazing new promo for affiliate newcomers â€” and it's your chance to earn up to â‚¬1,500 in bonuses for running FTDs to our latest brand, Slot Lounge.",Gaming,"Featured Posts SOFTSWISS Invests in Largest European Social Casino â€“ Vortex Affiliate Network Review: Top Offers in the Market â€“ 6 BEST WAYS TO MAKE MONEY WITH CRYPTO IN 2024 â€“ Helpful Links About Us Contact Us _ Prointernet _ TOP POSTS Games Global and Stormcraft Studios fuse two iconic titles in Thunderstruck FlyX ETH Casino Review Comprehensive Guide to Betsson Affiliates Ultimate Guide to the Paripesa Affiliate Program Velobet Casino Review: A Fusion of Games, Rewards, and Seamless Gameplay",DuckDuckGo,Active,0.0
