ID,Name,Website,Description,Specialization,Country,Source,Status,Suitability,Score
c687d1e0-ad62-4370-9e8e-de1e5bdf7650,Top 31 AI Marketing Agencies in 2025 — Jake Jorgovan,https://jake-jorgovan.com/blog/top-ai-marketing-agencies,"Discover the top AI marketing agencies driving innovation in 2025. Explore expert services in influencer marketing, ad optimization, content creation, and data-driven campaigns.",Ai Marketing Service,"jake@jake-jorgovan.com Hours Thoughts on B2B, Entrepreneurship, & Thinking Different…I promise to only send good stuff :) Copyright 2024 — Waving Banner LLC dba Jake-Jorgovan.comSponsorships Disclaimer",DuckDuckGo,Active,Подходит: Соответствует Ai Marketing Service,0.6
98d331e6-33ee-4786-8261-0044f4ab910f,Best AI Marketing Agencies to Watch in 2025,https://awisee.com/blog/ai-marketing-agencies/,Want to grow with smart automation? Review the best AI marketing agencies in 2025 offering cutting-edge solutions. Compare services from the top AI digital marketing companies.,Ai Marketing Service,Influencer Marketing KOL Marketing Macro Influencer Marketing Nano Influencer Marketing Micro Influencer Marketing Digital PR Link Building Link Building Europe Link Building Germany Link Building Switzerland Link Building Austria Link Building Spain Link Building France Link Building Belgium Link Building Netherlands Link Building Italy Link Building Portugal Link Building Greece Link Building Eastern Europe Link Building Poland Link Building Russia Link Building Estonia Link Building Hungary Link Building Croatia Link Building Bulgaria Link Building Serbia Link Building Slovakia Link Building Latvia Link Building Romania Link Building Lithuania Czech Link Building Link Building Latin America Link Building Brazil Link Building Mexico Link Building Colombia Link Building Argentina Link Building Chile Nordic Link Building Link Building Sweden Link Building Denmark Link Building Norway Link Building Finland Link Building USA Link Building UK Link Building Canada Link Building New Zealand Link Building Australia Linkbuilding Asia Link Building China Link Building Japan Link Building Thailand Link Building Vietnam Link Building Korea Link Building Turkey Link Building Taiwan Link Building South Africa Link Building Nigeria Arabic Link Building Custom Link Building Service Outsourced Link Building Services SEO iGaming SEO Link Building Sports Betting Casino SEO Casino Link Building Casino Content iGaming Link Building Sports Betting,DuckDuckGo,Active,Подходит: Соответствует Ai Marketing Service,0.6
0d5865a8-d571-426b-9e4b-8cf657bbac18,AI-Driven Digital Marketing Services | AIML Solutions for Business Growth,https://www.futurismtechnologies.com/services/aiml-digital-marketing/,"Transform your marketing strategy with AI-driven digital marketing services by Futurism Technologies. Leverage AIML-powered solutions to enhance customer engagement, optimize campaigns, and drive measurable business growth tailored to your needs.",Ai Marketing Service,"Cognitive Services Data Science AI/ML Data Analytics Data Engineering Automation RPA BPA Digital Services Digital Marketing & Branding Ecommerce Enterprise Product Platforms Blockchain IoT Smart Factory Metaverse Futurism Digital Twins 3D Modeling Services Information Technology IT Consulting UI/UX Product Engineering Application Development & Maintenance Quality Assurance and Testing Mobility Enterprise Application Integration Infrastructure Management & Cyber Security Infrastructure Management Services Cybersecurity Services Cloud Computing DevOps Futurism Edge Computing NOC Services Solutions Futurism EndPoint Secure Futurism Eagle Eye Futurism Secure Access Futurism Data Protect Zero Trust Security Futurism IoT Platform BOT-AMI WorkAnyWhere Futurism WareTrackElite AI Rapid App Development Futurism SentinelSphere Industries Agriculture Automotive BFSI Chemical Construction Consumer Products Education Energy & Utilities Government Healthcare High-Tech Life Sciences Manufacturing Media And Entertainment Natural Resources Oil and Gas Retail Telecom Transportation And Logistics Travel and Hospitality Call Us USA +1 (732) 790-2938 Social Media Home About Us Success Stories Executive Team Partners Careers News Events Blog Case Studies Certifications Contact Us Privacy Policy Sitemap Copyright © 2025 Futurism Technologies, Inc. | All Rights Reserved.",DuckDuckGo,Active,Подходит: Соответствует Ai Marketing Service,0.6
010f93b8-f9d2-4cc9-9bbd-2e6784cd3777,Top 7 AI Marketing Agencies in 2025 | Leading AI Advertising Companies,https://ninjapromo.io/best-ai-marketing-agencies,Discover the top AI marketing agencies offering innovative AI-powered services to elevate your advertising and digital marketing efforts in 2025.,Ai Marketing Service,"Services Services Marketing Subscription Social Media Paid Social Paid Media SEO Influencer Marketing PR & Outreach Video Production Video Marketing Branding Community Management Website development Mobile App Development Web Design Mobile App Design Blockchain Development Lead Generation Marketing Subscription Social Media Paid Social Paid Media SEO Influencer Marketing PR & Outreach Video Production Video Marketing Branding Community Management Website development Mobile App Development Web Design Mobile App Design Blockchain Development Lead Generation Company About us Success Stories Our people Pricing Affiliate Program Events Blog Careers Contact Industries Industries B2B Fintech Crypto Healthcare Software SaaS Startup Small Business Gaming Esports Mobile eCommerce Work Success Stories Company About us Success Stories Our people Pricing Affiliate Program Events Blog Careers Contact Contact Us [email protected] +1 929-492-4413 (US) +44 20 3868 4672 (UK) +65 3165 4789 (SG) +971 54 237 6132 (UAE) Want to Join The Team? [email protected] Press Inquiries [email protected] Our Offices London 71-75, Shelton Street, Covent Garden, London, WC2H 9JQ, United Kingdom Dubai Nassima Tower, 04th floor, Sheikh Zayed Road, Dubai, 00971 Singapore 3 Coleman St, #03-24, Singapore 179804 Hong Kong 38 Wong Chuk Hang Road 1/F, 2F, 25-27F, Hong Kong Island, Hong Kong New York 276 5th Avenue,",DuckDuckGo,Active,Подходит: Соответствует Ai Marketing Service,0.6
44fba234-4408-4412-a1d4-6b75de18a4ba,Top AI Marketing Companies - Aug 2025 Rankings | DesignRush,https://www.designrush.com/agency/digital-marketing/artificial-intelligence,Discover and connect with the best AI marketing companies on DesignRush. Find a trusted agency partner today.,Ai Marketing Service,N/A,DuckDuckGo,Active,Подходит: Соответствует Ai Marketing Service,0.3
fd579769-e4cb-447f-806e-6d2b6d2a10bb,AI Marketing Agency | Matrix Marketing Group - Global AI Marketing Agency,https://matrixmarketinggroup.com/,AI Marketing Agency: AI-powered marketing for SME brands. Trusted globally since 2002. Predictable growth. Measurable ROI. Explore solutions today.,Ai Marketing Service,"Matrix Marketing Group | AI Marketing That Thinks Ahead. Copyright 2025 Global AI Marketing Agency | MatrixLabX AI Suite Schedule Appointment Schedule Appointment Burlington, Vermont | Boulder, Colorado Office: 802-435-1414",DuckDuckGo,Active,Подходит: Соответствует Ai Marketing Service,0.3
272a5b3c-9fe3-43fe-864a-25905cbb4706,Top AI Marketing Companies (2025) - Business of Apps,https://www.businessofapps.com/marketplace/ai-marketing/,"Work with top AI marketing companies and platforms to create highly targeted marketing campaigns, and build lasting relationships with your app users.",Ai Marketing Service,Connecting the App Industry Marketplace | News & Insights | Data | Events Media Insights Video Interviews Podcasts Guides App Leaders Downloads News Marketplace App Marketing User Acquisition App Developers App Engagement App Analytics App Monetization Influencer Marketing Mobile Advertising Affiliate App Data Benchmarks Reports Sectors Stats Rankings Site Info About Us Advertise on Business of Apps Publish your Articles Submit News & Announcements Privacy Policy Contact Us Follow Us,DuckDuckGo,Active,Подходит: Соответствует Ai Marketing Service,0.3
9e54fdd7-3606-428c-b92b-2bbb6f1e4692,AI in Marketing | IBM,https://www.ibm.com/think/topics/ai-in-marketing,Today’s most effective AI marketing solutions utilize AI and ML technologies to enhance customer experiences and deliver meaningful insights.,Ai Marketing Service,N/A,DuckDuckGo,Active,Подходит: Соответствует Ai Marketing Service,0.3
9a5454f2-9891-4628-a79b-564847ce3430,25 Tried and Tested AI Marketing Tools for Smart Work in 2025 | Sprout Social,https://sproutsocial.com/insights/ai-marketing-tools/,"Discover the top AI marketing tools to upgrade your marketing workflows in 2025. Enjoy smarter marketing that resonates, but without all the manual work.",Ai Marketing Service,"Categories AI Marketing Digital Transformation In AI Marketing Emily Jenkins Emmy Jenkins is a content writer specializing in SaaS and marketing, shaped by years of working with global brands and living in more places than she can count. Her work is grounded in real-world insight—figuring out what actually connects with people and drives results. When she’s not writing, she’s growing food, practicing yoga or performing spoken word poetry. Read all articles by Emily Jenkins",DuckDuckGo,Active,Подходит: Соответствует Ai Marketing Service,0.3
779a1d1f-63ba-444a-b1d3-c1aaa71b9459,26 best AI marketing tools I'm using to get ahead in 2025 | Marketer Milk,https://www.marketermilk.com/blog/ai-marketing-tools,Discover the 26 best AI marketing tools some of the biggest brands use today. Learn how marketing teams are using artificial intelligence to grow fast.,Ai Marketing Service,ResourcesNewsletterSEO agencyBlogFeedTopicsMarketing jobsMarketing courseSubmit a linkTopicsCopywritingContent marketingEmail marketingPaid adsSEOSocial mediaWeb designPopular articlesHow to write SEO blog postsSaas content marketing guideBest marketing booksBest marketing coursesBest website buildersCompanyAboutContactDisclaimersPrivacy policyTerms of useFuel your inner marketer.© 2025 Marketer Milk LLC. All rights reserved.,DuckDuckGo,Active,Подходит: Соответствует Ai Marketing Service,0.3
97f877df-03fb-47a1-9235-4c2af7d642e3,25 AI marketing tools you need to get ahead in 2025,https://www.gwi.com/blog/ai-marketing-tools,"Explore the top AI marketing tools reshaping the industry. Learn how GWI Spark and others help marketers personalize, optimize, and grow campaigns.",Ai Marketing Service,Products Consumer insights platform GWI Spark AI consumer insights Data coverage Pricing Solutions & Integrations RLD Audience activation Data partnerships GWI for education Become a GWI partner Resources Blog Reports Help center Company Our story Careers Press Contact Legal stuff Website terms and conditions Website privacy policy Website cookie policy Modern slavery statement See all Back to top Copyright © GWI 2025. All rights reserved.,DuckDuckGo,Active,Подходит: Соответствует Ai Marketing Service,0.3
2d0a5e9a-13dc-4993-a809-94ed93352455,The Top 10 AI Marketing Agencies in 2025 - GrowthRocks,https://growthrocks.com/blog/ai-marketing-agencies/,Specific problems require specific solutions. This is a complete list of the best AI marketing agencies for your specific AI needs.,Ai Marketing Service,"Growth Hacking Agency ABOUT Close ABOUT Open ABOUT ABOUT US Company Jobs Our Team Our Partners Our Locations Case Studies It is rare that you find a partner who has such a high bar for quality work and is dedicated to doing things the right way. Trent Long CEO ⎯ BUNKR The team is the best – and incredibly responsive, which is crucial for our business. Their data-driven approach has been key for our success and a great collaboration. Maria Samoili Marketing & Partnerships Executive ⎯ CubeRM HOW WE HELP Close HOW WE HELP Open HOW WE HELP B2B BUSINESSES SAASPure SaaS, zero-touch, concierge on-boarding SaaS ServicesServices like training, coaching or HR for enterprises and corporations WholesaleProducts to resellers, Franchisers or opening up new markets SubscriptionsFor Corporates to subscribe in various productised service such as weekly flower arrangements B2C BUSINESSES e-commercesPure e-commerce with one-time products or subscriptions services ServicesWhere Doctors, architects, consultants, life coaches offer their services InfoProductsDigital Products offered to individuals such as webinars, ebooks, academies etc SAASVarious applications for individuals like neobanks MARKETPLACES ServicesOffering options for individual to book a venue, walkthroughs or events ProductsOffering the ability to brands to promote their products to individuals DirectoriesReview sites, listing",DuckDuckGo,Active,Подходит: Соответствует Ai Marketing Service,0.3
c71606e0-9984-49b2-b603-40ba3ec5be0c,Top 10 AI Marketing Agencies for 2025 - Scopic Studios,https://scopicstudios.com/blog/top-ai-marketing-agencies/,"Compare the best AI marketing agencies of 2025. Our guide reveals top 10 providers, pricing, specializations, and how to select the right AI marketing agency.",Ai Marketing Service,Scopic11 Apex Dr Ste 300A PMB 2021Marlborough MA 01752 US +1 (508) 886-3240 +1 (855) 717-5586 (Toll Free) sales@scopicstudios.com FollowFollowFollow Privacy Policy | Cookies Policy | Terms and conditions,DuckDuckGo,Active,Подходит: Соответствует Ai Marketing Service,0.3
cbcf5327-50d9-4ff0-bc83-695af0cfa2ff,7 Best AI Marketing Agencies to Transform Your Digital Strategy in 2025,https://digitalagencynetwork.com/ai-marketing-agencies/,Discover the best AI marketing agencies that can boost your digital strategy & top-rated experts in AI-driven marketing solutions.,Ai Marketing Service,Fifty Five and Five,DuckDuckGo,Active,Подходит: Соответствует Ai Marketing Service,0.3
25ff0dfb-9558-4ebf-b428-274bcd72c0af,13 Best AI Marketing Agencies For 2025,https://influencermarketinghub.com/ai-marketing-agencies/,AI marketing agencies help businesses leverage emerging technologies for growth. Learn how these agencies can help prepare your business for the future.,Ai Marketing Service,CompanyCookie Policy Privacy Policy Terms & Conditions Affiliate Disclaimer Contact Us Member Login Authors and Experts Agency Hub AgenciesView All Agenies Top Influencer Marketing Agencies USA Top Social Media Marketing Agencies Top AI Marketing Agencies Top Digital Marketing Agencies USA Top UGC Agencies Top YouTube Marketing Agencies Global Social Media Agencies PlatformsView All Platforms Influencer Marketing Platforms for Brands 11 Free Instagram Analytics Tools You Should Be Using in 2025 12 FREE Influencer Marketing Tools to Find Influencers Best Social Media Posting and Scheduling Tools for 2025 Best UGC Platforms to Help Boost Your Content Marketing (2025) Twitter Facebook LinkedIn Instagram,DuckDuckGo,Active,Подходит: Соответствует Ai Marketing Service,0.3
